<hackpackage>
  <name>Limit Admin Access - Sys Admin Tab</name>
  <identifier>admin_remove_sys_adm</identifier>
  <description>Customize system admin tab</description>
  <version>1.0</version>
  <developerName>Heather Crites</developerName>
  <developerInstitution>CSCC</developerInstitution>
  <developerURL>https://www.cscc.edu</developerURL>
  <developerEmail>hcrites@cscc.edu</developerEmail>
  <hook>jsp.topFrame.start</hook>
  <restrictions>
    <restriction>
      <type>PORTAL_ROLE</type>
      <value>[institution_role]</value>
      <inverse>false</inverse>
    </restriction>
    <restriction>
      <type>URL</type>
      <value>(.*/webapps/portal/execute/tabs/tabAction?tab_tab_group_id=_6_1|.*webapps/portal/portal_jsp/layout/index\.jsp)</value>
      <inverse>false</inverse>
    </restriction>
  </restrictions>
  <resources/>
  <priority>0</priority>
</hackpackage>