<hackpackage>
  <name>Limit Admin Access - Users</name>
  <identifier>admin_remove_users</identifier>
  <description>Remove user create/delete access</description>
  <version>1.0</version>
  <developerName>Heather Crites</developerName>
  <developerInstitution>CSCC</developerInstitution>
  <developerURL>https://www.cscc.edu</developerURL>
  <developerEmail>hcrites@cscc.edu</developerEmail>
  <hook>jsp.topFrame.start</hook>
  <restrictions>
    <restriction>
      <type>URL</type>
      <value>(.*/webapps/blackboard/execute/userManager|.*/webapps/blackboard/admin/user_manager\.jsp)</value>
      <inverse>false</inverse>
    </restriction>
    <restriction>
      <type>PORTAL_ROLE</type>
      <value>[institution_role]</value>
      <inverse>false</inverse>
    </restriction>
  </restrictions>
  <resources/>
  <priority>0</priority>
</hackpackage>