<hackpackage>
  <name>File Attachments - Video and Audio Detector</name>
  <identifier>file_upload</identifier>
  <description>Script detects instructor video and audio uploads and stops them (UBN Version)</description>
  <version>1.3</version>
  <targetVersionMin>3900.0.0</targetVersionMin>
  <developerName>Heather Crites</developerName>
  <developerInstitution>CSCC</developerInstitution>
  <developerURL>http://www.cscc.edu</developerURL>
  <developerEmail>hcrites@cscc.edu</developerEmail>
  <hook>tag.learningSystemPage.start</hook>
  <restrictions>
    <restriction>
      <type>COURSE_ROLE</type>
      <value>(S)</value>
      <inverse>true</inverse>
    </restriction>
  </restrictions>
  <resources>
    <resource>
      <path>cscc-file_upload.js</path>
      <mime>text/html</mime>
      <embed>false</embed>
    </resource>
  </resources>
  <priority>0</priority>
</hackpackage>
