<hackpackage>
  <name>Force Completion Message</name>
  <identifier>force-comp-message</identifier>
  <description>An extra message to bring attention to issues with Force Completion</description>
  <developerName>Heather Crites</developerName>
  <developerInstitution>CSCC</developerInstitution>
  <hook>tag.learningSystemPage.start</hook>
  <restrictions>
    <restriction>
      <type>URL</type>
      <value>(*/webapps/assessment/do/content/assessment|.*/webapps/assessment/WEB-INF/jsp/content/modifyOptions\.jsp)</value>
      <inverse>false</inverse>
    </restriction>
  </restrictions>
  <resources/>
  <priority>0</priority>
</hackpackage>