<hackpackage>
  <name>Display 360 View links</name>
  <identifier>360view</identifier>
  <description>Displays direct link to 360 View</description>
  <version>1.1</version>
  <targetVersionMin>9.1.10</targetVersionMin>
  <targetVersionMax>9.1.10</targetVersionMax>
  <developerName>Heather Crites</developerName>
  <developerInstitution>CSCC</developerInstitution>
  <developerURL>http://www.cscc.edu</developerURL>
  <developerEmail>hcrites@cscc.edu</developerEmail>
  <hook>tag.learningSystemPage.start</hook>
  <restrictions>
    <restriction>
      <type>URL</type>
      <value>.*/webapps/cmsmain/.*</value>
      <inverse>false</inverse>
    </restriction>
  </restrictions>
  <resources/>
  <priority>0</priority>
</hackpackage>