<hackpackage>
  <name>Open Courses / Course Files / Grade Center / Users in New Window (System Admin)</name>
  <identifier>sys_admin_course_options</identifier>
  <description>Check the checkboxes under System Admin &gt; Courses and open all courses in a new window</description>
  <version>1.2</version>
  <targetVersionMin>9.10</targetVersionMin>
  <targetVersionMax>9.30</targetVersionMax>
  <developerName>Heather Crites</developerName>
  <developerInstitution>CSCC</developerInstitution>
  <developerURL>https://www.cscc.edu</developerURL>
  <developerEmail>hcrites@cscc.edu</developerEmail>
  <hook>jsp.topFrame.start</hook>
  <restrictions>
    <restriction>
      <type>SYSTEM_ROLE</type>
      <value>Z</value>
      <inverse>false</inverse>
    </restriction>
    <restriction>
      <type>URL</type>
      <value>(.*/webapps/blackboard/execute/courseManager|.*/webapps/blackboard/course/course_manager\.jsp)</value>
      <inverse>false</inverse>
    </restriction>
  </restrictions>
  <resources/>
</hackpackage>