<hackpackage>
  <name>Restrict Bulk Delete (Sys Admins)</name>
  <identifier>bulk_delete_sys_admi</identifier>
  <description>Disables the ability to check STATISTICS and USERS in the form for Sys Admins.</description>
  <version>1.1</version>
  <developerName>Heather Crites</developerName>
  <developerInstitution>CSCC</developerInstitution>
  <hook>tag.learningSystemPage.start</hook>
  <restrictions>
    <restriction>
      <type>SYSTEM_ROLE</type>
      <value>(Z)</value>
      <inverse>false</inverse>
    </restriction>
    <restriction>
      <type>URL</type>
      <value>.*/execute/recycler.*</value>
      <inverse>false</inverse>
    </restriction>
  </restrictions>
  <resources/>
  <priority>0</priority>
</hackpackage>