<hackpackage>
  <name>Display Net Tutor Link in Breadcrumb Trail</name>
  <identifier>nettutor</identifier>
  <description>Direct link to Net Tutor</description>
  <version>1.3</version>
  <targetVersionMin>9.1.10</targetVersionMin>
  <targetVersionMax>9.1.10</targetVersionMax>
  <developerName>Heather Crites</developerName>
  <developerInstitution>CSCC</developerInstitution>
  <developerURL>http://www.cscc.edu</developerURL>
  <developerEmail>hcrites@cscc.edu</developerEmail>
  <hook>tag.learningSystemPage.start</hook>
  <restrictions/>
  <resources>
    <resource>
      <path>nettutor_32.png</path>
      <mime>image/png</mime>
      <embed>false</embed>
    </resource>
  </resources>
  <priority>0</priority>
</hackpackage>