<hackpackage>
  <name>Hide content collection for students</name>
  <identifier>hidecc</identifier>
  <description>Hides the &quot;Browse Content Collection&quot; button on all pages for students</description>
  <version>v2.0</version>
  <developerName>Shane Argo/HBC</developerName>
  <developerInstitution>University of the Sunshine Coast/CSCC</developerInstitution>
  <developerEmail>hcrites@cscc.edu</developerEmail>
  <hook>tag.learningSystemPage.start</hook>
  <restrictions>
    <restriction>
      <type>COURSE_ROLE</type>
      <value>S</value>
      <inverse>false</inverse>
    </restriction>
  </restrictions>
  <resources/>
  <priority>0</priority>
</hackpackage>