<hackpackage>
  <name>Limit Admin Access - System Roles</name>
  <identifier>admin_remove_sys_rol</identifier>
  <description>Remove system role access from DEIS</description>
  <developerName>Heather Crites</developerName>
  <developerInstitution>CSCC</developerInstitution>
  <hook>jsp.topFrame.start</hook>
  <restrictions>
    <restriction>
      <type>URL</type>
      <value>(.*/webapps/blackboard/execute/editUser|.*/webapps/blackboard/admin/user\.jsp)</value>
      <inverse>false</inverse>
    </restriction>
    <restriction>
      <type>PORTAL_ROLE</type>
      <value>user_deis</value>
      <inverse>false</inverse>
    </restriction>
  </restrictions>
  <resources/>
  <priority>0</priority>
</hackpackage>