<hackpackage>
  <name>Email: Return Receipt</name>
  <identifier>email_return_receipt</identifier>
  <description>Check &quot;return receipt&quot; by default when sending emails</description>
  <version>1.0</version>
  <developerName>Heather Crites</developerName>
  <developerInstitution>CSCC</developerInstitution>
  <hook>tag.learningSystemPage.start</hook>
  <restrictions>
    <restriction>
      <type>URL</type>
      <value>(.*/webapps/blackboard/email/display_email\.jsp|.*/webapps/blackboard/execute/displayEmail|.*/webapps/gradebook/do/instructor/composeEmail|.*/webapps/gradebook/gradebook2/instructor/email_compose\.jsp)</value>
      <inverse>false</inverse>
    </restriction>
  </restrictions>
  <resources/>
</hackpackage>