<hackpackage>
  <name>Sort Integration List under SIS Logs</name>
  <identifier>sort_logs_sis</identifier>
  <description>Sort Integration List under SIS Logs</description>
  <version>1.0.5</version>
  <developerName>Heather Crites</developerName>
  <developerInstitution>CSCC</developerInstitution>
  <developerEmail>hcrites@cscc.edu</developerEmail>
  <hook>jsp.topFrame.start</hook>
  <restrictions>
    <restriction>
      <type>URL</type>
      <value>(.*/webapps/dataIntegration/WEB-INF/jsp/dataintegration/log/display\.jsp)|(.*/webapps/dataIntegration/execute/dataIntegration/logManager)</value>
      <inverse>false</inverse>
    </restriction>
    <restriction>
      <type>SYSTEM_ROLE</type>
      <value>Z</value>
      <inverse>false</inverse>
    </restriction>
  </restrictions>
  <resources/>
  <priority>0</priority>
</hackpackage>