<hackpackage>
  <name>Sort Course List under Copy/Move Item</name>
  <identifier>sort_course_list</identifier>
  <description>Sort Course List under Copy/Move Item</description>
  <version>1.0.0</version>
  <developerName>Heather Crites</developerName>
  <developerInstitution>CSCC</developerInstitution>
  <developerEmail>hcrites@cscc.edu</developerEmail>
  <hook>tag.learningSystemPage.start</hook>
  <restrictions>
    <restriction>
      <type>URL</type>
      <value>(.*/webapps/blackboard/content/copyItem\.jsp)</value>
      <inverse>false</inverse>
    </restriction>
  </restrictions>
  <resources/>
  <priority>0</priority>
</hackpackage>